,sat1_col
0,0.5749297
1,1.1859651
2,1.1455702
3,1.7834345
4,1.76499
5,1.287074
6,1.2343364
7,1.0017753
8,1.0641922
9,1.3874497
10,1.2138647
11,1.256589
12,1.3711276
13,1.2874138
14,1.2460021
15,1.2625906
16,0.6440039
17,0.62409616
18,1.5632682
19,0.7975908
20,1.4553794
21,1.5790747
22,1.0659212
23,1.2743218
24,1.2853607
25,1.0233469
26,1.4982752
27,1.052262
28,1.2763422
29,1.4858307
30,1.448759
31,1.1745298
32,1.1285012
33,1.2645112
34,1.0875331
35,1.0785084
36,1.0667002
37,1.1135745
38,1.1329999
39,1.5977451
40,1.4074261
41,1.4743946
42,1.0514926
43,1.2615868
44,1.0001994
45,2.0190566
46,1.1216024
47,1.4157994
48,1.3390684
49,1.8632741
50,1.3221742
51,0.9932866
52,1.4509064
53,1.4384053
54,0.87978226
55,1.2797798
56,1.052887
57,1.202508
58,1.0306634
59,1.1012162
60,1.3585404
61,1.0957707
62,0.61104274
63,1.1131098
64,1.838004
65,1.5083654
66,1.918973
67,1.4884782
68,1.4549412
69,1.3848493
70,1.5392143
71,1.4190525
72,1.1277255
73,0.8128202
74,0.71640885
75,1.8112644
76,1.3518108
77,1.5988585
78,0.9337778
79,1.3356391
80,1.6525978
81,1.3704296
82,1.0349123
83,1.2304473
84,1.1507527
85,1.1749333
86,1.0850633
87,1.3932508
88,-0.5380395
89,0.9465482
90,1.1769587
91,1.7416631
92,1.1640282
93,1.3428301
94,1.1550646
95,1.728714
96,1.3649102
97,1.490481
98,1.1620541
99,1.9414587
100,1.349438
101,1.2022171
102,1.4035662
103,1.1352277
104,1.684332
105,1.1954216
106,1.2136972
107,1.3243027
108,1.5216662
109,1.0213952
110,1.200861
111,1.1425532
112,1.4989177
113,1.1832008
114,1.0721375
115,0.8796609
116,1.4677103
117,0.6778223
118,0.74047774
119,1.6295576
120,1.5923026
121,0.83808833
122,1.8724096
123,0.8961758
124,1.0771117
125,1.0713301
126,1.0887929
127,0.992361
128,1.1621752
129,0.95904255
130,1.2846558
131,0.64699984
132,1.0098877
133,1.2001765
134,1.0535889
135,1.1345186
136,0.8690145
137,1.4203118
138,1.6780845
139,1.23182
140,0.5736914
141,1.105234
142,1.484723
143,1.6322751
144,1.2776823
145,1.1697204
146,1.7133982
147,1.4854547
148,1.3390971
149,1.3404021
150,1.9241784
151,1.184304
152,1.4578302
153,2.0633435
154,1.4262862
155,1.1596639
156,1.2978101
157,1.0990592
158,1.2691042
159,1.4627607
160,1.0880288
161,1.4415991
162,0.997936
163,1.1722484
164,1.5257531
165,1.5473598
166,1.1095535
167,1.250162
168,1.1243929
169,1.2921976
170,0.8822024
171,1.3096225
172,1.1413305
173,1.296465
174,1.162648
175,1.2455186
176,1.4296739
177,1.4492146
178,1.2695924
179,1.1272165
180,0.9776557
181,1.0631803
182,0.7783558
183,1.3824908
184,1.213178
185,1.2600787
186,1.3391782
187,1.106375
188,1.3056893
189,1.1306325
190,1.3120934
191,0.99494666
192,1.879779
193,1.2161199
194,1.400699
195,0.8190659
196,1.3404827
197,1.7280725
198,1.3853732
199,1.4088657
200,1.5987269
201,1.4288402
202,1.3791028
203,1.1612133
204,1.3989265
205,0.9727047
206,1.2896354
207,1.0748773
208,1.9439344
209,1.2114104
210,1.2682419
211,1.0302122
212,1.1423136
213,1.3596139
214,1.2786813
215,1.8271431
216,1.1230153
217,1.2267437
218,1.1897839
219,1.759724
220,0.621883
221,1.0322431
222,1.2501576
223,1.4653021
224,1.8728713
225,1.1247904
226,1.1979246
227,1.2228384
228,1.6103029
229,1.2973208
230,1.053857
231,1.237185
232,1.2535517
233,1.4773362
234,1.1161838
235,1.3853923
236,1.6797234
237,1.1814218
238,1.3653265
239,1.524412
240,1.2794063
241,1.0838325
242,1.2650799
243,1.1795793
244,1.5023906
245,1.1823237
246,1.5433518
247,1.4189751
248,1.0442837
249,0.8913192
250,1.3433383
251,1.8147585
252,1.5524613
253,1.081595
254,2.1567793
255,0.9577058
256,1.2544814
257,1.405669
258,1.0684857
259,1.3052523
260,1.4064997
261,1.6839162
262,1.302473
263,1.1536223
264,1.4120343
265,1.0033218
266,0.7954746
267,1.2335767
268,0.9822903
269,1.8432479
270,2.0853243
271,1.1362
272,1.143667
273,2.035231
274,0.657734
275,1.4673114
276,1.0868096
277,1.4078264
278,1.1339735
279,1.8351934
280,1.3401867
281,1.3921309
282,1.4781443
283,1.6093535
284,1.031876
285,1.0575113
286,1.1717354
287,1.6638654
288,-0.0038230624
289,0.93507373
290,1.5141376
291,1.1367435
292,1.4634142
293,1.1707832
294,1.3726414
295,0.3775706
296,2.1675677
297,1.1432602
298,1.2313869
299,1.183438
300,1.6256553
301,1.1710315
302,1.0156873
303,1.4086478
304,1.1058584
305,1.2849804
306,1.2177098
307,1.1092752
308,1.4514896
309,1.4469203
310,1.3934741
311,1.1225995
312,1.0489198
313,0.3706201
314,1.2526292
315,1.2048252
316,1.5747302
317,1.1295168
318,0.97024477
319,1.5023028
320,1.4384278
321,1.3103279
322,1.09813
323,1.4459385
324,1.1323373
325,1.5309132
326,1.4709921
327,0.9721939
328,1.1866968
329,2.643109
330,1.1801472
331,0.8460921
332,1.6965594
333,0.9189745
334,1.4972959
335,1.0198525
336,1.1278856
337,1.3394196
338,1.3676484
339,2.0732677
340,1.9617544
341,1.6697475
342,1.3633904
343,1.5195893
344,1.3032621
345,0.80434334
346,1.0510986
347,1.8093933
348,1.2252991
349,1.2208776
350,1.2907228
351,1.1531152
352,1.6791776
353,1.1463464
354,1.2707453
355,1.3340825
356,1.3074394
357,1.6159091
358,1.407287
359,1.1802704
360,1.521747
361,1.699971
362,1.4024098
363,1.1741292
364,1.3321738
365,1.3807368
366,1.4566383
367,1.7373
368,1.22677
369,1.0982234
370,1.290066
371,1.5928617
372,0.7868325
373,1.2087663
374,0.8459389
375,1.1930597
376,1.0570048
377,1.035595
378,1.2318988
379,1.3296248
380,1.5435694
381,1.3699747
382,1.5739508
383,1.497897
384,1.7174085
385,1.3413141
386,1.4622921
387,1.8773067
388,1.2590517
389,1.2041855
390,0.6592089
391,1.2986846
392,1.7680926
393,1.5241005
394,1.7758464
395,1.3542614
396,1.3987465
397,0.993088
398,1.5102462
399,1.0092114
400,1.1707808
401,0.5571104
402,1.3805327
403,1.2034446
404,0.5047226
405,1.1844488
406,1.1252233
407,1.3072672
408,1.1488051
409,0.8471443
410,1.4989285
411,1.4656799
412,1.3242626
413,0.8120649
414,1.306639
415,1.17978
416,1.2127168
417,1.1059917
418,1.2957821
419,0.6432755
420,1.6212878
421,1.4561449
422,1.2444756
423,1.1449801
424,1.7736108
425,0.8775123
426,1.3206034
427,1.1441267
428,1.9377763
429,1.7959011
430,1.0479894
431,0.736387
432,1.6600266
433,1.1002449
434,1.2662003
435,2.1107016
436,0.89686924
437,1.135894
438,1.0763997
439,1.4706467
440,1.3422287
441,1.0257597
442,1.4739249
443,1.2585169
444,0.7618152
445,1.154415
446,1.2784561
447,1.6122543
448,1.6953868
449,1.811785
450,1.4771976
451,1.2571545
452,1.179021
453,1.487583
454,1.0741222
455,1.789903
456,1.2395964
457,1.5431031
458,1.104844
459,1.3023875
460,1.2209004
461,1.2050341
462,1.4582584
463,1.2892776
464,0.9436724
465,0.9105088
466,1.2263107
467,1.2464184
468,1.2132343
469,1.1719414
470,1.1213965
471,1.4040878
472,1.6580777
473,1.4957027
474,1.5798128
475,1.4918199
476,1.2518051
477,1.2711934
478,0.051807318
479,0.644897
480,1.2587793
481,1.4668846
482,0.908185
483,1.0026894
484,1.326843
485,1.3111343
486,1.7807269
487,1.1012073
488,1.164923
489,1.4996217
490,1.2557507
491,1.1606219
492,1.6521735
493,1.5671942
494,1.084897
495,1.37401
496,0.8794713
497,1.1201013
498,0.94554955
499,1.2924467
500,1.2046752
501,1.29426
502,1.4733663
503,0.95764714
504,1.6701035
505,0.510938
506,1.931771
507,1.0935355
508,2.0408976
509,1.2644736
510,1.4368662
511,1.5003239
512,1.5004876
513,1.7253559
514,0.70590407
515,1.2229708
516,1.1918555
517,1.2087259
518,1.3609537
519,1.1378511
520,1.2050505
521,1.1505017
522,1.5434636
523,1.1544144
524,0.8608823
525,1.9224825
526,1.3206908
527,1.0912815
528,1.120093
529,0.97191817
530,1.9691445
531,1.8512149
532,1.1659486
533,1.223994
534,1.3377622
535,0.68181825
536,1.0122344
537,1.2036401
538,1.2083365
539,1.3264349
540,1.6485434
541,1.5698483
542,2.0888524
543,1.0692719
544,1.0491333
545,1.5112084
546,1.2594041
547,0.96096146
548,1.6370113
549,1.1266402
550,1.3854611
551,1.1834903
552,1.138513
553,0.79373914
554,1.614878
555,1.3733917
556,1.3574148
557,1.1130879
558,0.9213677
559,1.026693
560,1.2610714
561,1.3413714
562,1.1178766
563,1.6556582
564,1.22599
565,1.1319286
566,1.092328
567,1.0672873
568,1.4021972
569,1.5263433
570,1.4990466
571,1.1802504
572,1.3847458
573,1.2936267
574,1.8282886
575,1.0498435
576,0.5314745
577,1.7456822
578,1.056984
579,1.3543934
580,1.4527229
581,1.2603946
582,1.5220157
583,1.4214629
584,0.5861701
585,1.4424284
586,1.1362666
587,1.4015406
588,1.3718898
589,0.042388987
590,1.2046161
591,1.3336272
592,1.0543562
593,0.9224275
594,1.5994658
595,1.406653
596,1.0336109
597,1.4663012
598,1.8170125
599,1.1015384
600,1.6967095
601,1.2378111
602,0.9617838
603,2.9019685
604,1.3225609
605,1.1519845
606,0.5367539
607,1.0924983
608,1.5629131
609,1.742086
610,1.1600186
611,1.6609333
612,1.0827262
613,1.1389151
614,1.5118355
615,1.2289808
616,1.4544116
617,1.0652398
618,0.9668907
619,1.2043263
620,1.3632425
621,1.114781
622,1.5799224
623,1.098826
624,1.372926
625,2.0182514
626,1.0536892
627,1.347347
628,1.3365142
629,1.5871406
630,1.8680495
631,1.2965337
632,1.4738646
633,1.0905954
634,1.4971472
635,1.2789474
636,0.6305644
637,1.6194838
638,1.6023394
639,1.5659779
640,1.3707299
641,1.2290663
642,1.3905696
643,0.20102979
644,1.7544439
645,1.4287713
646,1.2149603
647,1.0484165
648,1.2324014
649,1.8199086
650,1.3845708
651,1.3798506
652,1.1618499
653,1.1571567
654,1.262736
655,1.0641809
656,1.0945938
657,0.17919853
658,1.1809775
659,1.4899799
660,0.39191148
661,1.2302632
662,1.1787465
663,1.8583157
664,1.239461
665,0.5353872
666,1.2227658
667,1.3568034
668,1.2249016
669,1.6384319
670,1.4216849
671,1.1562691
672,1.1451554
673,1.3380977
674,1.6057248
675,0.945451
676,1.0190132
677,1.4878688
678,1.5728159
679,0.9784926
680,1.4250792
681,1.3271996
682,1.2416062
683,1.2007365
684,1.2557783
685,1.3010297
686,0.6681956
687,1.1712686
688,1.5352751
689,1.123757
690,1.4115134
691,0.6100307
692,1.2958475
693,1.8656474
694,1.3518723
695,1.4261954
696,1.1542728
697,1.4498785
698,1.5417254
699,1.4474032
700,1.0335283
701,1.1287346
702,1.1863974
703,1.084489
704,1.5355388
705,1.3732243
706,1.411955
707,1.3193216
708,1.1078928
709,1.2379289
710,1.0725716
711,2.2187855
712,1.0958638
713,1.2400107
714,1.2132427
715,1.2764629
716,1.0703951
717,1.088507
718,1.3261477
719,1.0956264
720,0.9241904
721,1.1837164
722,1.031567
723,1.5931182
724,1.2808454
725,0.98994726
726,1.4001768
727,1.4608587
728,0.89497644
729,0.9767126
730,1.0985521
731,1.5676186
732,1.3677225
733,0.9268667
734,1.1968598
735,1.2132756
736,1.1717014
737,1.3103712
738,1.0742311
739,1.7810937
740,1.3659489
741,1.118172
742,1.2784127
743,1.228466
744,1.0800201
745,1.4786482
746,0.7346456
747,1.0987753
748,0.41765687
749,1.32992
750,1.1602122
751,1.3021555
752,1.3918629
753,1.0559138
754,1.581557
755,1.1591086
756,0.87801844
757,1.2316294
758,1.2506771
759,1.3677449
760,1.2337373
761,1.0940076
762,1.9875304
763,1.6800478
764,1.448513
765,1.5491402
766,1.143618
767,1.5359205
768,1.3469673
769,1.0650543
770,1.0341929
771,1.331086
772,1.0604587
773,1.1930895
774,1.513438
775,0.9368988
776,1.1713552
777,1.3877344
778,1.4636672
779,1.2652612
780,2.3596213
781,1.1469537
782,1.2475493
783,1.668215
784,1.2883424
785,1.6509515
786,1.1300597
787,1.2057271
788,1.0057845
789,0.9179626
790,1.3254633
791,1.5327631
792,1.1309464
793,0.69562477
794,2.5195715
795,1.1142178
796,0.9672643
797,1.7143438
798,1.243319
799,1.1348264
800,1.6453607
801,1.1572667
802,1.561984
803,1.5639063
804,1.0086373
805,1.1518803
806,1.3552982
807,1.2448783
808,1.322911
809,1.3744427
810,1.365072
811,1.3371419
812,1.482084
813,1.1639646
814,1.1905135
815,1.2917321
816,1.0416757
817,1.3346853
818,1.2863361
819,1.274475
820,0.9110312
821,1.2448366
822,1.1429181
823,1.4425894
824,1.5883693
825,1.0168717
826,1.3842703
827,1.3911613
828,1.2274619
829,1.2999241
830,1.3193521
831,1.6945482
832,1.2640421
833,1.6838233
834,0.787582
835,1.789074
836,1.5727093
837,1.2672553
838,1.1041306
839,1.0543348
840,0.86576325
841,1.084938
842,1.0610682
843,1.2863139
844,1.0738453
845,1.6448728
846,1.2290395
847,0.7711847
848,0.59873813
849,1.2630451
850,0.79080373
851,1.2878845
852,1.7077091
853,1.0775232
854,1.298212
855,1.2255192
856,1.1631253
857,1.3004376
858,1.2510518
859,1.6428493
860,1.138652
861,1.4665059
862,1.2057941
863,1.0269198
864,1.4938803
865,1.5673015
866,1.6023808
867,1.4650912
868,1.4675118
869,1.0081826
870,1.082076
871,1.2093675
872,1.5201794
873,1.270414
874,1.3674394
875,1.3046129
876,1.1815509
877,1.8501304
878,1.1804326
879,1.2997361
880,1.341458
881,1.4309604
882,1.0891674
883,0.8686729
884,1.6060209
885,1.2022142
886,1.1863246
887,1.0009494
888,1.1012061
889,1.328502
890,1.2856191
891,1.2411375
892,1.7602341
893,1.7953258
894,2.0065844
895,1.4292644
896,1.2488226
897,1.6246972
898,1.3608947
899,1.8429103
900,1.2707527
901,1.0025529
902,1.2452153
903,1.1582129
904,1.788597
905,1.1565183
906,2.0739837
907,1.3100781
908,1.2594095
909,1.1372595
910,1.2455348
911,1.2512523
912,1.0687581
913,1.0259306
914,1.4320705
915,1.200929
916,1.2182963
917,1.3880209
918,1.8137451
919,1.3694986
920,2.1991389
921,1.5137631
922,0.2535914
923,1.0551819
924,1.8308209
925,1.122259
926,1.1657794
927,1.7361832
928,1.0442226
929,1.1446652
930,1.4249729
931,1.5219483
932,1.7783952
933,1.2057452
934,1.4410995
935,0.7051604
936,1.8858027
937,1.4835818
938,1.3366946
939,1.251313
940,1.2594647
941,1.5139732
942,1.1425143
943,1.6569264
944,0.90395397
945,1.677011
946,1.2606999
947,1.3826452
948,1.0410032
949,1.1739475
950,1.1426052
951,1.2217655
952,2.2394934
953,1.4662042
954,1.131812
955,1.1307764
956,0.9083375
957,1.161289
958,1.1227082
959,1.702909
960,1.062878
961,0.9989446
962,2.0501933
963,1.1345161
964,1.7037736
965,1.1668886
966,1.4001114
967,1.552024
968,1.0499223
969,1.3097087
970,1.6983597
971,1.1749599
972,1.5159788
973,1.1390897
974,1.1481421
975,1.5580326
976,1.1505821
977,1.2280122
978,1.1145104
979,1.122745
980,1.0756474
981,1.1237267
982,1.0552498
983,1.1834437
984,1.7366092
985,1.5175898
986,1.3370453
987,1.0099723
988,1.7524967
989,1.5195358
990,2.172631
991,1.2768952
992,1.6551862
993,1.5930487
994,1.4447984
995,1.4142768
996,1.1780366
997,1.419278
998,1.2466017
999,1.0860626
1000,1.0850881
1001,1.1505746
1002,1.0607022
1003,1.4507337
1004,1.3114706
1005,1.6005465
1006,1.1922637
1007,1.5529755
1008,0.68630373
1009,1.1139159
1010,1.8941883
1011,1.3511863
1012,1.1763853
1013,1.2982512
1014,1.7657093
1015,1.2769997
1016,1.0070854
1017,1.1348653
1018,1.7037274
1019,1.3111014
1020,1.3166748
1021,0.91782224
1022,1.4279752
1023,1.22006
1024,1.3138587
1025,1.2148159
1026,1.1271663
1027,1.4033636
1028,1.4469011
1029,1.2633528
1030,1.6308866
1031,1.0689961
1032,1.7968242
1033,0.91330504
1034,1.1720831
1035,0.39336884
1036,1.0549974
1037,1.3639854
1038,1.3298932
1039,1.2678218
1040,1.1110898
1041,0.58533543
1042,1.1958145
1043,1.2695282
1044,1.3707159
1045,0.49826157
1046,1.1950513
1047,1.2807527
1048,1.2635894
1049,1.1230065
1050,1.178065
1051,1.3820088
1052,1.318805
1053,1.1015881
1054,1.5278205
1055,1.2775828
1056,1.2671746
1057,1.1316619
1058,1.249125
1059,1.1108154
1060,1.1846346
1061,1.0581077
1062,1.192485
1063,1.2972648
1064,1.4918747
1065,1.0868065
1066,1.1814452
1067,1.3769808
1068,1.4916188
1069,1.239635
1070,1.7552993
1071,1.4635495
1072,1.3120003
1073,1.3350761
1074,1.4248782
1075,0.73633796
1076,1.1356831
1077,1.664904
1078,0.530002
1079,1.4285614
1080,1.254306
1081,1.5796396
1082,1.1772699
1083,1.3047442
1084,1.3228983
1085,1.6163032
1086,1.8598754
1087,1.4186103
1088,1.488342
1089,1.6335543
1090,1.5001323
1091,1.1908288
1092,1.4883347
1093,0.9909831
1094,1.1984967
1095,1.7008127
1096,1.2895782
1097,1.2215918
1098,1.5993644
1099,1.3813306
1100,1.4795508
1101,1.2900344
1102,1.193206
1103,1.388495
1104,1.7023119
1105,1.5765339
1106,1.5060908
1107,1.2565591
1108,1.0878785
1109,1.3075458
1110,0.99850863
1111,1.1513531
1112,1.1132846
1113,1.3540823
1114,1.117733
1115,0.81274027
1116,1.3848808
1117,1.6400123
1118,1.5944765
1119,1.4178522
1120,1.5593083
1121,1.4639547
1122,1.0847255
1123,1.1142564
1124,1.168864
1125,0.9901803
1126,1.4164001
1127,1.9152862
1128,1.3563218
1129,1.0804602
1130,1.0341827
1131,0.7871158
1132,1.2591702
1133,0.86034834
1134,1.3845972
1135,1.3295178
1136,1.2603786
1137,1.2083292
1138,1.3805557
1139,0.7863343
1140,1.3305745
1141,1.236893
1142,1.0709075
1143,1.4679027
1144,1.8384887
1145,1.2904421
1146,1.4936415
1147,0.78593594
1148,1.2608998
1149,1.0699226
1150,0.78507143
1151,1.1606101
1152,1.7271173
1153,1.4309434
1154,1.1147407
1155,1.0310385
1156,1.2644191
1157,1.5086663
1158,0.83451563
1159,1.3279282
1160,1.1776271
1161,1.1067854
1162,1.0411372
1163,1.3925599
1164,1.0432955
1165,1.3277191
1166,1.1045249
1167,1.32612
1168,1.1901448
1169,1.1808332
1170,1.0218532
1171,3.7453403
1172,1.7929693
1173,1.296706
1174,1.0990368
1175,1.2999159
1176,2.1668146
1177,0.9752466
1178,2.1527114
1179,1.4298556
1180,1.5405095
1181,1.3900808
1182,1.2584659
1183,1.5413289
1184,1.0599941
1185,0.9749176
1186,1.0165243
1187,1.3872757
1188,1.3465983
1189,1.0600053
1190,1.5217029
1191,1.5308853
1192,1.1162254
1193,1.0584021
1194,1.3051721
1195,0.7089979
1196,1.1789674
1197,1.073834
1198,1.2424071
1199,0.9351535
1200,1.2116226
1201,2.2183013
1202,1.4939748
1203,0.7353318
1204,1.1448826
1205,1.6089771
1206,1.3057016
1207,0.6270266
1208,1.6345996
1209,1.0991789
1210,1.381763
1211,1.2741473
1212,1.4539831
1213,1.1453383
1214,1.2934837
1215,1.035531
1216,1.6874194
1217,1.7530563
1218,0.7778793
1219,1.1569905
1220,0.95055914
1221,1.7329949
1222,2.5547886
1223,1.3068137
1224,1.2162197
1225,1.2685791
1226,1.1935169
1227,1.1428503
1228,0.81911325
1229,1.3039755
1230,1.1549991
1231,1.0324482
1232,1.66886
1233,1.3516768
1234,1.1189312
1235,1.3340784
1236,1.5188723
1237,1.2827088
1238,1.5260189
1239,1.28605
1240,1.5644789
1241,1.6229945
1242,1.1009471
1243,1.1089269
1244,1.4536374
1245,1.2830881
1246,1.0695432
1247,0.7730397
1248,1.216976
1249,1.1738341
1250,1.1148518
1251,1.6060551
1252,2.2490976
1253,1.3218122
1254,1.308448
1255,1.496285
1256,1.1350402
1257,1.3643514
1258,1.2641447
1259,1.4588678
1260,0.89548564
1261,1.1219462
1262,1.2992836
1263,1.0566167
1264,1.2253956
1265,1.278963
1266,1.3499628
1267,1.4252564
1268,1.2692331
1269,1.5020978
1270,1.1124597
1271,1.9750192
1272,1.634135
1273,1.5144718
1274,1.054581
1275,2.6738892
1276,1.9069986
1277,0.7810535
1278,2.0503368
1279,1.2761443
1280,1.4152418
1281,0.96266174
1282,1.1004388
1283,1.672355
1284,1.2491398
1285,1.63945
1286,1.3832499
1287,0.87775606
1288,1.2013732
1289,1.6636195
1290,1.3395048
1291,1.2935747
1292,1.247843
1293,1.8097122
1294,1.4479033
1295,1.9421728
1296,1.2530183
1297,1.1516463
1298,1.3469499
1299,1.3003887
1300,1.3034574
1301,0.7271155
1302,1.186262
1303,1.6620876
1304,1.548039
1305,1.4027401
1306,1.6389977
1307,1.3952932
1308,1.3321881
1309,1.2904112
1310,1.3444815
1311,1.3802514
1312,0.65111166
1313,1.6676853
1314,1.866856
1315,0.9803768
1316,1.4062092
1317,1.6985366
1318,1.3135381
1319,0.83653927
1320,1.3209261
1321,1.0697858
1322,1.2681663
1323,2.0819006
1324,2.3200297
1325,1.0293967
1326,1.2370771
1327,2.1002746
1328,1.0386678
1329,1.0702412
1330,1.691207
1331,1.4972235
1332,1.4001588
1333,1.8931701
1334,1.1733731
1335,1.0662698
1336,1.0183783
1337,1.4941597
1338,1.4005698
1339,1.0703331
1340,1.3855857
1341,1.7183281
1342,0.3669266
1343,1.5469983
1344,1.133369
1345,1.4300067
1346,1.7838429
1347,1.3191192
1348,1.1792746
1349,1.1087127
1350,1.0205542
1351,1.6644754
1352,1.4291229
1353,1.2208291
1354,1.8675904
1355,1.1400424
1356,1.1670926
1357,1.0615631
1358,1.4950982
1359,1.3998013
1360,1.146836
1361,1.2976111
1362,1.0668528
1363,1.1516631
1364,2.6839359
1365,1.0393596
1366,1.5638262
1367,1.580348
1368,1.2294322
1369,0.792617
1370,1.4200208
1371,1.3521919
1372,1.2962116
1373,1.7276976
1374,1.9347398
1375,1.1779437
1376,1.3106382
1377,1.4125111
1378,2.0720148
1379,1.2175553
1380,0.8418083
1381,1.567377
1382,1.1042585
1383,1.4422288
1384,1.2703085
1385,1.5986251
1386,0.5702218
1387,1.4053283
1388,1.3171917
1389,0.9341857
1390,1.6344931
1391,1.7369902
1392,1.0080438
1393,1.376831
1394,1.40344
1395,1.2576681
1396,1.8230289
1397,1.178927
1398,1.2613068
1399,1.0691097
1400,0.79162794
1401,0.7293215
1402,1.2851166
1403,1.3094671
1404,1.3316097
1405,1.0858078
1406,0.87544763
1407,1.1178557
1408,1.4954748
1409,1.2765048
1410,1.2463827
1411,1.5447396
1412,1.8972006
1413,1.3410316
1414,1.2329441
1415,1.1133146
1416,1.1146182
1417,1.7280142
1418,1.1291683
1419,1.1477143
1420,1.101923
1421,1.2777907
1422,1.5892956
1423,1.2115024
1424,1.3874973
1425,1.2697845
1426,1.0744674
1427,0.8000074
1428,1.4596378
1429,1.1480386
1430,1.3780421
1431,1.2137192
1432,1.4575969
1433,1.2625024
1434,1.4014354
1435,0.94954175
1436,1.1962342
1437,1.4107258
1438,1.3410457
1439,1.1125765
1440,1.311753
1441,1.0843558
1442,1.3760989
1443,1.2420564
1444,1.6476969
1445,1.4179097
1446,1.2031295
1447,0.99490815
1448,0.91046125
1449,1.6460699
1450,1.2655352
1451,1.464353
1452,1.8747319
1453,1.1687456
1454,0.9316259
1455,1.2009146
1456,1.2807821
1457,1.0393424
1458,1.148469
1459,1.3653338
1460,1.1968672
1461,1.1133957
1462,0.6812904
1463,0.7857906
1464,1.3314868
1465,1.1941738
1466,1.2130443
1467,1.5776209
1468,1.8436537
1469,1.2634017
1470,0.730572
1471,0.95004267
1472,1.4380194
1473,1.2094891
1474,1.2309312
1475,1.4280506
1476,0.96456414
1477,1.9589405
1478,1.1115576
1479,1.5662328
1480,1.1014695
1481,0.9957179
1482,1.3648721
1483,1.5263805
1484,1.4013785
1485,1.7796202
1486,1.1259694
1487,0.94954306
1488,1.5538896
1489,1.3837771
1490,0.92150277
1491,1.1991166
1492,1.6755799
1493,1.336642
1494,1.0792003
1495,1.2095757
1496,1.5184841
1497,1.1439209
1498,0.80277336
1499,1.3465694
1500,1.4358851
1501,1.1723839
1502,1.3356916
1503,1.300159
1504,1.375613
1505,1.3176936
1506,1.0348651
1507,1.4510882
1508,1.6632965
1509,1.2298524
1510,1.0725754
1511,2.2353354
1512,1.598724
1513,1.5689689
1514,1.2335333
1515,1.5317537
1516,0.91425025
1517,1.0224999
1518,1.3642062
1519,1.768622
1520,1.3761744
1521,1.4242002
1522,1.2283726
1523,1.1819227
1524,1.069762
1525,1.050053
1526,1.1756276
1527,1.1781774
1528,1.4945829
1529,1.7719765
1530,2.1959112
1531,1.1877747
1532,1.5382087
1533,0.8542376
1534,1.3623799
1535,1.3934274
1536,0.7249084
1537,1.5511761
1538,1.2666473
1539,1.3665445
1540,0.89055306
1541,1.1512617
1542,1.6805806
1543,1.4524956
1544,0.7541445
1545,2.0855575
1546,1.5169164
1547,1.4823261
1548,1.1187319
1549,1.1885865
1550,1.831567
1551,1.3916775
1552,0.74882525
1553,1.3750435
1554,1.8322216
1555,0.6411701
1556,1.3160274
1557,1.3382733
1558,1.3070799
1559,1.4962529
1560,1.545426
1561,1.1828291
1562,1.0948033
1563,1.0557864
1564,1.1911083
1565,1.3059747
1566,1.0847851
1567,1.2666816
1568,1.2647398
1569,0.78099763
1570,1.2663282
1571,1.1825497
1572,1.3085512
1573,1.5415605
1574,1.1374424
1575,1.4634326
1576,1.2347717
1577,1.1781442
1578,1.223479
1579,1.2043205
1580,1.1103852
1581,1.4255022
1582,1.5368345
1583,1.3589562
1584,0.7966633
1585,1.6971854
1586,1.1964817
1587,1.5195196
1588,1.6771121
1589,1.3271333
1590,1.6075104
1591,0.44921932
1592,1.2422682
1593,0.93723863
1594,1.8957564
1595,0.8739021
1596,0.99824864
1597,1.3020431
1598,1.0701842
1599,1.2203149
1600,1.6772846
1601,1.3927941
1602,1.5394808
1603,1.4042842
1604,1.183085
1605,1.1572044
1606,1.0937535
1607,1.4744577
1608,1.3732547
1609,1.3044287
1610,1.6722249
1611,1.3495077
1612,1.2848705
1613,1.1203957
1614,1.7716391
1615,1.0156373
1616,1.7009242
1617,1.3118799
1618,1.2032809
1619,1.2081101
1620,0.84020495
1621,1.8407398
1622,1.3254089
1623,1.6201271
1624,1.3575625
1625,0.9571871
1626,1.1074345
1627,1.2693607
1628,1.2368957
1629,1.1760534
1630,1.4773893
1631,0.86592484
1632,1.5391681
1633,1.273059
1634,1.273104
1635,1.6613461
1636,1.5246309
1637,1.5586901
1638,1.2377189
1639,1.3446283
1640,1.2593284
1641,1.1582838
1642,1.3651077
1643,-0.7679712
1644,1.3730056
1645,1.0768439
1646,1.4204849
1647,1.1959263
1648,1.1032743
1649,1.2928915
1650,1.9613152
1651,0.6440321
1652,1.3312991
1653,0.4635999
1654,1.7505853
1655,0.64416397
1656,1.3040918
1657,1.3648343
1658,1.4926054
1659,1.4397664
1660,1.0532669
1661,1.0354468
1662,1.5091159
1663,1.1365423
1664,2.01195
1665,1.5071164
1666,1.4591563
1667,1.1006575
1668,1.306067
1669,1.2569603
1670,1.4369042
1671,1.5913863
1672,1.1408522
1673,1.6450939
1674,2.0751646
1675,1.565519
1676,0.8604956
1677,1.3216931
1678,1.8726655
1679,1.087435
1680,1.1924926
1681,1.2392255
1682,1.1443713
1683,1.4127438
1684,1.3843553
1685,1.3316895
1686,1.0572383
1687,1.3520464
1688,1.3159362
1689,1.2187893
1690,1.7750777
1691,1.0108898
1692,1.152712
1693,1.6525143
1694,1.1226236
1695,1.5228395
1696,1.5963343
1697,1.2780634
1698,1.4272342
1699,1.7113461
1700,1.1984679
1701,1.2222214
1702,1.1477574
1703,1.4086344
1704,1.2078571
1705,1.5092303
1706,1.0099288
1707,1.188285
1708,1.4028603
1709,1.6657091
1710,1.3303443
1711,1.3413002
1712,1.0637833
1713,1.0293834
1714,1.1299806
1715,1.3375263
1716,1.1267598
1717,1.3209985
1718,1.0949156
1719,1.2169982
1720,1.4457352
1721,1.4011647
1722,1.6171634
1723,1.2045165
1724,0.96904194
1725,1.620468
1726,1.7728906
1727,1.329059
1728,1.5849361
1729,0.8917983
1730,1.258418
1731,1.4144068
1732,1.1964796
1733,1.2657934
1734,1.2386248
1735,1.5513813
1736,1.4499259
1737,1.3773192
1738,1.6732124
1739,1.1606323
1740,2.4374864
1741,0.98953456
1742,1.543145
1743,0.6663742
1744,1.0674067
1745,0.6434767
1746,1.6794418
1747,2.0913444
1748,0.8613767
1749,0.9604913
1750,1.3497863
1751,1.454853
1752,1.5978199
1753,1.0473698
1754,1.8483883
1755,0.16469216
1756,2.1817696
1757,1.0610619
1758,1.3542988
1759,1.0276133
1760,0.5888476
1761,1.2409031
1762,1.0457824
1763,1.0550586
1764,1.2192158
1765,0.62554705
1766,1.4791235
1767,1.4421413
1768,1.3167864
1769,1.252003
1770,1.1207821
1771,1.3957924
1772,1.1534923
1773,1.2975401
1774,1.4072266
1775,1.2200576
1776,1.1791606
1777,1.3052115
1778,1.3012626
1779,0.932601
1780,1.3612541
1781,0.9936022
1782,1.2833498
1783,0.8240581
1784,1.5471711
1785,1.369916
1786,1.2301618
1787,1.5575488
1788,1.7303162
1789,1.2349135
1790,1.3246882
1791,0.950962
1792,1.950149
1793,1.2444283
1794,1.2724768
1795,1.253873
1796,1.5671201
1797,1.3202503
1798,0.79476
1799,1.4170436
1800,1.4530618
1801,1.3183864
1802,1.0351615
1803,1.2425286
1804,1.3995287
1805,1.4181218
1806,1.3983165
1807,1.271023
1808,1.2717124
1809,0.51112676
1810,1.2184863
1811,1.8225205
1812,1.2983491
1813,1.795629
1814,1.4189805
1815,1.1524583
1816,1.0708175
1817,0.8367618
1818,1.3066485
1819,1.4622674
1820,1.2405279
1821,1.0673203
1822,1.7784548
1823,0.9728374
1824,1.3627846
1825,0.8329526
1826,1.1147559
1827,1.1302272
1828,1.1696829
1829,1.2456871
1830,1.1815153
1831,0.9443979
1832,1.4689015
1833,1.2037791
1834,0.9329116
1835,1.4294152
1836,1.9756593
1837,1.0533568
1838,1.2956526
1839,1.4423858
1840,1.192034
1841,1.796849
1842,1.3558892
1843,1.5619045
1844,1.2910278
1845,1.2689999
1846,1.1370434
1847,1.0254718
1848,1.1229178
1849,0.9410996
1850,1.7106144
1851,1.0371162
1852,1.2634193
1853,1.4489208
1854,1.3765092
1855,1.323115
1856,1.8392051
1857,1.4180527
1858,3.3311512
1859,1.4898856
1860,1.2947488
1861,1.5563178
1862,1.7585835
1863,0.9066103
1864,1.3691052
1865,0.7413659
1866,1.1477706
1867,1.5209575
1868,0.77083856
1869,0.9618854
1870,1.785367
1871,1.156368
1872,1.2367516
1873,1.525787
1874,1.3600641
1875,1.7475777
1876,1.4266402
1877,1.585629
1878,1.1075889
1879,0.7686143
1880,2.1852403
1881,1.0085864
1882,1.4312841
1883,0.723784
1884,1.1073685
1885,1.277878
1886,0.75982785
1887,1.4186344
1888,1.1204737
1889,1.2985586
1890,1.2221524
1891,1.4043477
1892,1.9117794
1893,1.2535434
1894,1.0407016
1895,1.1814715
1896,1.4386878
1897,1.6632403
1898,1.0474916
1899,1.2825698
1900,0.986829
1901,1.4262997
1902,1.2817688
1903,1.2998194
1904,1.3958144
1905,1.0589868
1906,1.2470897
1907,1.3012878
1908,1.4128019
1909,1.8689494
1910,1.1170995
1911,1.2347215
1912,2.131199
1913,2.0830142
1914,0.9907853
1915,0.78565365
1916,1.2581887
1917,1.7459096
1918,1.7913234
1919,2.245011
1920,1.2132854
1921,1.4946016
1922,1.3621557
1923,0.84697074
1924,1.36119
1925,1.0593094
1926,1.5331277
1927,1.3788552
1928,1.5973108
1929,1.5622942
1930,1.1105322
1931,1.0146563
1932,1.3138462
1933,1.2140529
1934,1.0737828
1935,1.2207469
1936,1.3109287
1937,1.3584993
1938,1.1046005
1939,1.1684167
1940,1.3911486
1941,1.1268219
1942,0.7291312
1943,1.374393
1944,1.2092212
1945,0.7593195
1946,1.5166
1947,0.869256
1948,1.053141
1949,1.8900627
1950,0.95759237
1951,0.9825508
1952,1.941699
1953,1.3228358
1954,1.9745547
1955,1.6529466
1956,1.3746789
1957,2.0561152
1958,2.1001806
1959,1.7977532
1960,1.2152361
1961,0.38409635
1962,1.6550546
1963,1.2234064
1964,0.86205524
1965,1.2165914
1966,1.5777239
1967,1.2622888
1968,1.620969
1969,1.2902409
1970,2.8200953
1971,1.4259491
1972,1.1414373
1973,1.2790931
1974,1.0521832
1975,1.1460985
1976,1.0862433
1977,1.3298126
1978,1.1161536
1979,1.4263401
1980,1.1338391
1981,0.60257405
1982,1.3922145
1983,1.3675828
1984,1.3520654
1985,1.3773992
1986,1.4420685
1987,1.3865367
1988,0.9773497
1989,1.2701192
1990,1.115203
1991,1.1275023
1992,1.4172386
1993,1.2215608
1994,1.8711504
1995,1.3718866
1996,1.0800617
1997,2.0128086
1998,1.1590924
1999,0.75949806
2000,1.2843897
2001,1.2244035
2002,1.1044472
2003,1.3682456
2004,1.4531687
2005,-0.042994168
2006,1.6745424
2007,0.99927396
2008,1.0260911
2009,1.1890389
2010,1.2221063
2011,1.9794575
2012,1.3497169
2013,1.3704758
2014,1.3232052
2015,1.5065695
2016,1.2930158
2017,0.5787661
2018,1.0940902
2019,1.9553431
2020,1.4221159
2021,2.1626825
2022,1.0916537
2023,1.01416
2024,1.2144313
2025,1.2291957
2026,1.2281204
2027,1.2672979
2028,1.0565338
2029,1.2327564
2030,1.4547313
2031,1.6791359
2032,1.3553424
2033,1.0485641
2034,1.4918005
2035,1.346282
2036,1.4348512
2037,1.2617936
2038,1.0079218
2039,1.1628608
2040,1.1555473
2041,1.5589612
2042,1.4015787
2043,2.1329803
2044,1.1678586
2045,1.361176
2046,1.4478805
2047,1.0332372
2048,0.96184415
2049,1.3498688
2050,1.0921189
2051,1.0208865
2052,1.4331838
2053,1.5158957
2054,1.1449527
2055,1.2286416
2056,1.2045304
2057,1.1180654
2058,1.3610476
2059,1.5667534
2060,1.0803214
2061,1.4445397
2062,1.1675016
2063,1.1843452
2064,1.4265218
2065,1.1429906
2066,1.4094825
2067,1.1739479
2068,1.1395514
2069,1.16571
2070,1.8005494
2071,1.2342396
2072,1.1036094
2073,0.83428514
2074,1.4279369
2075,1.1884
2076,1.5907152
2077,1.4219968
2078,1.2617607
2079,1.2547253
2080,1.1239505
2081,1.232447
2082,1.1690006
2083,2.3844178
2084,1.1523827
2085,1.0298709
2086,1.0031643
2087,1.0435834
2088,1.739622
2089,1.5328352
2090,1.531238
2091,1.2811586
2092,0.86361974
2093,1.281403
2094,1.4462262
2095,1.276159
2096,1.1308476
2097,1.4063013
2098,1.0090221
2099,1.0800649
2100,1.5133196
2101,0.37884054
2102,1.396043
2103,1.407236
2104,1.2875179
2105,1.026526
2106,1.2025454
2107,0.8607149
2108,1.4389273
2109,1.0869219
2110,1.3055794
2111,1.0780402
2112,1.3718381
2113,1.1813986
2114,1.9612634
2115,1.4713304
2116,1.17938
2117,1.1612182
2118,1.5991676
2119,1.3457866
2120,0.9787008
2121,1.0048951
2122,1.2311788
2123,0.9678385
2124,1.1700778
2125,1.4239204
2126,1.1279474
2127,1.637497
2128,1.1550514
2129,1.0973282
2130,1.700056
2131,1.6273068
2132,1.4486872
2133,1.3765095
2134,1.014634
2135,1.0825828
2136,0.946572
2137,1.3338282
2138,1.3014702
2139,1.197806
2140,1.2459574
2141,1.2723138
2142,1.4011267
2143,1.3585799
2144,1.0625532
2145,1.2849748
2146,1.2668284
2147,1.1362234
2148,1.4725697
2149,1.2457608
2150,0.9790146
2151,1.2310196
2152,1.8204386
2153,0.97483176
2154,1.3073759
2155,1.5548753
2156,1.2734224
2157,1.080617
2158,1.1677003
2159,1.8966416
2160,1.6224929
2161,0.9055425
2162,1.5240382
2163,1.2612706
2164,1.1806457
2165,1.4300922
2166,1.3511846
2167,1.2036577
2168,0.98096496
2169,1.2303904
2170,2.040012
2171,1.1169366
2172,1.4342657
2173,1.2271503
2174,0.9708576
2175,1.2482107
2176,1.0787526
2177,1.3524113
2178,1.481586
2179,1.3755481
2180,1.4886063
2181,1.2499393
2182,1.230965
2183,1.2809838
2184,1.2459553
2185,1.2551801
2186,1.0907382
2187,1.3940266
2188,1.5363545
2189,1.1995512
2190,1.4333206
2191,0.9492163
2192,1.2649556
2193,1.5902004
2194,1.9187995
2195,1.2500374
2196,1.6597433
2197,1.2728333
2198,1.4727218
2199,1.3248423
2200,0.44289148
2201,1.0384796
2202,1.0430247
2203,1.2310264
2204,1.3856238
2205,1.3302184
2206,1.1393079
2207,1.1155384
2208,1.2847877
2209,1.195544
2210,1.36994
2211,1.2379427
2212,1.1882952
2213,1.0369503
2214,1.1708165
2215,1.2912465
2216,1.4865777
2217,1.281993
2218,1.6197584
2219,1.6435505
2220,1.497193
2221,1.5937948
2222,1.0958683
2223,1.2407192
2224,1.640601
2225,1.319955
2226,1.159763
2227,1.2925471
2228,1.6940606
2229,1.2336044
2230,1.5341427
2231,1.142493
2232,1.4297029
2233,1.5552856
2234,1.1678245
2235,1.0114442
2236,1.1510872
2237,1.161751
2238,1.2496791
2239,1.0202937
2240,1.7950103
2241,1.4220394
2242,1.587949
2243,1.2415936
2244,1.4135336
2245,1.2845776
2246,0.8219321
2247,1.0994003
2248,1.4464765
2249,0.97046477
2250,1.3022465
2251,1.4341334
2252,1.4112334
2253,1.3588737
2254,1.3312229
2255,1.4143227
2256,1.151653
2257,1.112458
2258,1.18385
2259,0.843068
2260,2.3713856
2261,1.1976306
2262,1.2471431
2263,1.1717516
2264,1.3207045
2265,0.91391104
2266,1.0865248
2267,1.4328578
2268,1.0940459
2269,1.3163462
2270,0.8292705
2271,1.5169586
2272,1.2026573
2273,1.3020252
2274,1.5781059
2275,1.7106928
2276,1.9328159
2277,1.2133507
2278,1.4904776
2279,1.5146983
2280,1.1944448
2281,1.2232248
2282,1.9354383
2283,1.3561441
2284,1.8108957
2285,2.0415957
2286,1.5678152
2287,1.4659005
2288,1.6875348
2289,1.0874084
2290,1.1255763
2291,1.2712454
2292,0.7317304
2293,1.1969575
2294,1.2786047
2295,1.349331
2296,1.2223773
2297,1.1438736
2298,1.7419766
2299,1.2211208
2300,1.4183849
2301,1.1743689
2302,1.1572706
2303,0.92378604
2304,1.2030708
2305,1.1658158
2306,1.3673024
2307,1.3181472
2308,1.2662009
2309,1.5242205
2310,1.2393264
2311,1.0538973
2312,1.5978975
2313,1.2175416
2314,0.8129484
2315,1.1020796
2316,1.7250596
2317,1.3064421
2318,1.31393
2319,1.1567963
2320,1.2784114
2321,1.3030938
2322,1.3799634
2323,1.0513704
2324,0.9105689
2325,1.2657046
2326,1.4254558
2327,1.5721717
2328,1.2891685
2329,1.5488954
2330,2.8547442
2331,1.1237001
2332,1.2587569
2333,-1.49767
2334,1.1785312
2335,1.1857538
2336,1.2074819
2337,0.601512
2338,0.99471444
2339,1.4196402
2340,1.2255471
2341,1.2100816
2342,1.2567285
2343,1.3742865
2344,1.3345497
2345,1.5988811
2346,0.8377201
2347,1.2450517
2348,1.4530766
2349,1.085703
2350,1.138374
2351,1.1060696
2352,1.3612081
2353,1.2547559
2354,1.5461698
2355,1.1282088
2356,1.1849691
2357,1.0164387
2358,1.2148454
2359,1.7316917
2360,0.7197728
2361,0.8367189
2362,1.61063
2363,1.3896277
2364,2.1168692
2365,1.1822557
2366,1.12297
2367,0.9573704
2368,1.4018321
2369,1.7687798
2370,1.2210279
2371,1.277466
2372,1.335267
2373,1.142305
2374,1.3645535
2375,1.9339331
2376,1.3588151
2377,0.5312109
2378,1.8474581
2379,1.6764138
2380,1.2191572
2381,1.2549713
2382,1.4010476
2383,1.3215644
2384,0.94731927
2385,1.1647116
2386,0.93163687
2387,1.1960359
2388,1.2781773
2389,1.2350438
2390,1.7430624
2391,1.1893762
2392,1.8239794
2393,1.387347
2394,1.1848766
2395,1.2110822
2396,1.033047
2397,1.1708626
2398,1.3326697
2399,1.1660464
2400,1.3837162
2401,1.2895068
2402,1.5299945
2403,1.0801053
2404,1.15825
2405,0.66699386
2406,1.3488543
2407,0.5900286
2408,1.3805059
2409,-0.23409466
2410,1.1296089
2411,1.0895089
2412,1.2655519
2413,1.1500939
2414,1.0404315
2415,1.6275176
2416,1.2228404
2417,1.5720627
2418,1.4733934
2419,1.2376189
2420,1.1501316
2421,0.67860544
2422,1.2026564
2423,1.4152272
2424,1.4801632
2425,1.6358615
2426,1.0399334
2427,1.4612484
2428,1.1184016
2429,1.3165969
2430,1.085712
2431,1.0846632
2432,1.5024126
2433,1.8204257
2434,1.0436544
2435,1.2909338
2436,1.1347944
2437,1.525211
2438,1.8051871
2439,1.2144228
2440,1.3344779
2441,1.3910843
2442,1.1712244
2443,1.6293491
2444,1.9093914
2445,1.4382281
2446,1.6212566
2447,1.1945536
2448,1.3326344
2449,1.1022277
2450,1.3490641
2451,1.323377
2452,0.7984872
2453,1.3618923
2454,1.2998168
2455,1.1769571
2456,1.1376342
2457,1.9644296
2458,0.9952969
2459,1.2430642
2460,1.0174844
2461,0.4333446
2462,1.0806552
2463,1.1618396
2464,1.8552814
2465,1.3356076
2466,1.4717654
2467,2.027555
2468,1.0795767
2469,1.1520638
2470,1.2199639
2471,1.5462099
2472,0.92834747
2473,0.4625291
2474,0.16194138
2475,1.2183177
2476,1.2084787
2477,1.1172007
2478,1.0703553
2479,1.317097
2480,1.4117854
2481,1.1521231
2482,1.332551
2483,1.2643226
2484,1.2431384
2485,1.4333314
2486,1.337688
2487,1.2775786
2488,1.3850249
2489,2.0087352
2490,1.1002359
2491,1.268126
2492,1.9697133
2493,1.4423785
2494,1.1411129
2495,1.2885132
2496,1.1141322
2497,1.2085683
2498,1.1172639
2499,1.261345
2500,1.368096
2501,1.2627783
2502,1.604397
2503,1.6542467
2504,1.108291
2505,1.3421454
2506,0.85171074
2507,1.2696859
2508,1.3235829
2509,1.1134458
2510,1.3233697
2511,1.0595732
2512,1.2886468
2513,1.2073824
2514,1.4160415
2515,0.77903426
2516,1.5632181
2517,1.2811679
2518,1.3176209
2519,1.3262577
2520,1.218383
2521,1.2002656
2522,1.316178
2523,1.4574862
2524,0.64968735
2525,0.8465323
2526,1.4861368
2527,0.9362575
2528,1.0662441
2529,1.1812599
2530,1.1818603
2531,1.4074646
2532,1.1997615
2533,1.2593455
2534,1.1203091
2535,1.4623761
2536,1.3160892
2537,2.2141867
2538,1.5026819
2539,1.5320002
2540,1.5341053
2541,0.39267024
2542,1.2281903
2543,1.1288621
2544,1.2740033
2545,1.2413503
2546,1.2710936
2547,1.5079658
2548,1.6327044
2549,1.6658944
2550,0.8261831
2551,0.95828193
2552,1.2246206
2553,1.2045628
2554,1.0564592
2555,1.11971
2556,1.27447
2557,1.3041615
2558,1.1810992
2559,1.1387745
2560,1.3883783
2561,1.2590007
2562,1.3834978
2563,1.4745923
2564,1.2177018
2565,1.0072652
2566,1.2497436
2567,1.5166831
2568,0.93506724
2569,1.3941839
2570,1.1154871
2571,1.3472576
2572,0.9799396
2573,1.2719479
2574,1.0132085
2575,1.3227987
2576,1.1787322
2577,0.91381705
2578,1.3866582
2579,1.3013002
2580,1.2177671
2581,1.1626185
2582,1.1723866
2583,1.2147655
2584,1.4188161
2585,0.91929024
2586,1.0197388
2587,1.5107561
2588,1.2630676
2589,1.1323633
2590,1.2841363
2591,1.5886363
2592,1.7906504
2593,2.3137257
2594,1.3155077
2595,1.260318
2596,1.3310807
2597,0.9964662
2598,1.2341582
2599,1.3005713
2600,0.9967947
2601,2.1220865
2602,1.249508
2603,1.1925117
2604,1.3448747
2605,1.1280179
2606,1.1690782
2607,0.79185563
2608,1.0904435
2609,1.721585
2610,0.37721807
2611,1.0417043
2612,1.2588189
2613,1.5443581
2614,0.7065393
2615,1.2592344
2616,1.3895777
2617,1.1948588
2618,1.1777003
2619,1.0108099
2620,1.4358168
2621,1.081056
2622,1.1156774
2623,1.2186862
2624,1.1421579
2625,1.1656845
2626,1.2772115
2627,1.3251003
2628,0.94158524
2629,1.4520408
2630,1.0938047
2631,1.0711868
2632,1.3376346
2633,1.1307884
2634,1.17188
2635,1.5091717
2636,1.1102003
2637,1.1748791
2638,1.0373708
2639,1.1356564
2640,1.0929765
2641,1.0796282
2642,1.0672365
2643,1.5469058
2644,1.4911433
2645,1.1138738
2646,1.2002008
2647,1.0720271
2648,1.2725797
2649,1.4119127
2650,1.1529958
2651,1.296473
2652,1.4051005
2653,1.7833731
2654,1.6216567
2655,1.7813103
2656,1.5185845
2657,1.4199158
2658,1.4134052
2659,0.9719699
2660,1.0743947
2661,1.6412714
2662,1.161147
2663,1.604336
2664,1.7274071
2665,1.3423613
2666,1.350965
2667,1.1931721
2668,2.2774427
2669,0.88865405
2670,1.3696722
2671,-0.18468574
2672,1.5639035
2673,1.2294614
2674,1.7097723
2675,1.10877
2676,1.1088382
2677,1.0959356
2678,1.3091483
2679,1.5094782
2680,0.7250912
2681,1.0730245
2682,1.3708166
2683,1.2325077
2684,1.4269253
2685,1.0256845
2686,1.1455505
2687,1.470514
2688,1.5412942
2689,1.1998607
2690,1.4906726
2691,1.0582424
2692,1.1895413
2693,1.1161213
2694,1.5409274
2695,1.5375085
2696,0.88293016
2697,1.3682727
2698,1.203503
2699,1.3518431
2700,1.3180974
2701,1.3400378
2702,1.1751889
2703,0.8472465
2704,1.4386556
2705,0.73329717
2706,1.003836
2707,1.5461324
2708,1.3183508
2709,1.1873217
2710,1.797722
2711,1.3282425
2712,1.9025325
2713,1.3788555
2714,1.1927103
2715,1.186286
2716,1.4665581
2717,1.0439701
2718,2.0474496
2719,1.2984345
2720,1.5263736
2721,0.7847415
2722,1.3418132
2723,1.2415704
2724,1.5689858
2725,1.2244551
2726,1.0941052
2727,1.3637929
2728,1.1441753
2729,1.248136
2730,1.6041032
2731,1.0706905
2732,1.5369296
2733,1.1120254
2734,1.1262563
2735,1.3021454
2736,1.8431687
2737,1.6055559
2738,1.3905231
2739,0.990339
2740,1.4122478
2741,1.1444632
2742,1.1585094
2743,1.1711588
2744,1.0590845
2745,1.2283407
2746,1.1114472
2747,1.1420045
2748,1.1797599
2749,1.0132809
2750,1.2255001
2751,1.0913284
2752,1.3163071
2753,1.3902591
2754,0.9858783
2755,1.1062502
2756,0.85637575
2757,1.3441502
2758,1.3867065
2759,1.426491
2760,1.1089193
2761,1.4652559
2762,1.5386122
2763,0.763065
2764,1.5165558
2765,1.1542281
2766,1.5479425
2767,1.1110657
2768,1.2491074
2769,1.3052644
2770,1.7439101
2771,1.065574
2772,1.4610945
2773,1.5141438
2774,0.972423
2775,1.6206032
2776,1.2676225
2777,0.8613495
2778,1.0831908
2779,1.2595912
2780,1.2652887
2781,1.7720852
2782,2.553246
2783,1.1416552
2784,1.3716384
2785,1.412438
2786,1.1429747
2787,1.5831208
2788,1.7881976
2789,1.3180451
2790,1.3414528
2791,1.0968348
2792,1.1602143
2793,1.2128581
2794,0.90186864
2795,1.5562253
2796,1.0587491
2797,1.1432334
2798,1.530441
2799,1.3290412
2800,1.3114665
2801,1.3434494
2802,1.6697122
2803,1.0888523
2804,2.2113652
2805,1.6260695
2806,1.746388
2807,1.425414
2808,1.2219615
2809,1.0532953
2810,1.3237082
2811,1.0043722
2812,1.2535149
2813,1.4601249
2814,0.9260112
2815,1.1931733
2816,1.1719216
2817,1.5985141
2818,1.130457
2819,1.3413455
2820,0.8789919
2821,1.0294151
2822,1.3449751
2823,1.2324973
2824,1.258807
2825,1.1471359
2826,0.9209478
2827,1.0510167
2828,1.2627836
2829,1.3817728
2830,1.3875382
2831,1.2073911
2832,1.0522085
2833,1.0386379
2834,1.3154278
2835,2.1071932
2836,1.4224098
2837,1.2473614
2838,1.1299536
2839,1.6310399
2840,1.310985
2841,1.204
2842,1.0030324
2843,1.1378692
2844,0.8619811
2845,1.504812
2846,0.91422635
2847,1.364614
2848,1.4963754
2849,1.2933224
2850,1.5439103
2851,1.0434976
2852,1.9715613
2853,1.3707993
2854,1.3581105
2855,1.1358297
2856,0.87904173
2857,1.0450794
2858,1.5516458
2859,1.4255635
2860,1.3984559
2861,1.8203305
2862,1.378549
2863,1.451789
2864,1.2906471
2865,1.3181584
2866,1.1111912
2867,1.3513201
2868,1.887899
2869,1.252483
2870,0.90192497
2871,1.0022613
2872,2.0477233
2873,1.3573827
2874,1.3536623
2875,1.0544116
2876,1.3037114
2877,1.8275393
2878,1.3411263
2879,1.1349183
2880,1.2923023
2881,1.1895082
2882,1.2447503
2883,1.4119053
2884,1.2322177
2885,1.075998
2886,1.2203184
2887,1.4179758
2888,1.4000367
2889,1.1726265
2890,1.6824214
2891,0.9526393
2892,1.5932488
2893,1.0267588
2894,1.4936948
2895,1.6595582
2896,1.288201
2897,1.3332705
2898,1.1516706
2899,1.3980513
2900,1.424729
2901,1.2402985
2902,0.85559356
2903,1.5842152
2904,1.4829153
2905,1.8572742
2906,1.1308494
2907,1.1196284
2908,0.70898193
2909,1.1716938
2910,1.3482623
2911,1.4044222
2912,1.1170737
2913,1.1060649
2914,1.1529264
2915,1.2512224
2916,1.1557937
2917,0.919715
2918,1.1220444
2919,1.156764
2920,1.1503742
2921,1.0695212
2922,1.1808151
2923,1.1987208
2924,1.1405027
2925,1.1599627
2926,1.1684052
2927,1.7091599
2928,1.136438
2929,1.5228951
2930,1.3781849
2931,1.398716
2932,1.7576013
2933,1.3523118
2934,1.3265325
2935,1.3884581
2936,1.3495216
2937,1.3412714
2938,1.0145497
2939,1.2527363
2940,1.6704813
2941,1.2949069
2942,1.252318
2943,0.12584795
2944,1.3177867
2945,1.3588374
2946,0.79676193
2947,1.3701379
2948,1.092184
2949,1.503512
2950,1.4671371
2951,0.9539298
2952,1.177046
2953,2.4865274
2954,1.420738
2955,1.0090222
2956,1.2535442
2957,1.4580977
2958,1.1544228
2959,1.1956888
2960,1.4419953
2961,0.94996804
2962,1.4699713
2963,1.2898235
2964,1.1885865
2965,1.4559982
2966,1.5308831
2967,1.0451158
2968,1.3613119
2969,1.1349703
2970,1.5302336
2971,1.2179561
2972,1.103497
2973,2.0477166
2974,1.534725
2975,1.2470562
2976,1.1110177
2977,1.085854
2978,1.4081346
2979,1.287941
2980,1.5284988
2981,1.5499046
2982,1.4995393
2983,0.97769755
2984,1.773942
2985,1.256832
2986,1.0263258
2987,1.2746422
2988,1.4431286
2989,1.8873067
2990,1.1752129
2991,1.1612695
2992,1.4169881
2993,1.547232
2994,1.4621
2995,0.15478724
2996,1.306828
2997,1.3569757
2998,1.1236169
2999,1.5190544
